p_delete,p_add,max_additions,degree_bucket,evaluated_nodes,correct_fraction,abstained_fraction,non_abstain_accuracy,positive_certified_accuracy,certified_fraction_on_correct,mean_reported_radius_on_correct,mean_pA_lower,mean_smoothed_confidence
0.01,5e-06,64,0,4,0.75,0.0,0.75,0.0,0.0,0.0,0.8484955250987931,0.995
0.01,5e-06,64,1,3,1.0,0.0,1.0,0.0,0.0,0.0,0.8589727768376306,1.0
0.01,5e-06,64,2,3,1.0,0.0,1.0,0.0,0.0,0.0,0.8589727768376306,1.0
0.02,1e-05,96,0,4,0.75,0.0,0.75,0.0,0.0,0.0,0.8396937175639803,0.99
0.02,1e-05,96,1,3,1.0,0.0,1.0,0.0,0.0,0.0,0.8332673644727636,0.9866666666666667
0.02,1e-05,96,2,3,1.0,0.0,1.0,0.0,0.0,0.0,0.8589727768376306,1.0
0.05,2e-05,160,0,4,0.75,0.0,0.75,0.0,0.0,0.0,0.8484955250987931,0.995
0.05,2e-05,160,1,3,1.0,0.0,1.0,0.0,0.0,0.0,0.7988467546884072,0.9666666666666667
0.05,2e-05,160,2,3,1.0,0.0,1.0,0.0,0.0,0.0,0.8226718284312614,0.98
