p_delete,p_add,max_additions,degree_bucket,evaluated_nodes,correct_fraction,abstained_fraction,non_abstain_accuracy,positive_certified_accuracy,certified_fraction_on_correct,mean_reported_radius_on_correct,mean_pA_lower,mean_smoothed_confidence
0.01,5e-06,64,0,4,1.0,0.0,1.0,0.0,0.0,0.0,0.8292164658251429,0.985
0.01,5e-06,64,1,3,1.0,0.0,1.0,0.0,0.0,0.0,0.8450031078525141,0.9933333333333333
0.01,5e-06,64,2,3,1.0,0.0,1.0,0.0,0.0,0.0,0.8450031078525141,0.9933333333333333
0.02,1e-05,96,0,4,1.0,0.0,1.0,0.0,0.0,0.0,0.8138782602257131,0.975
0.02,1e-05,96,1,3,1.0,0.0,1.0,0.0,0.0,0.0,0.8226718284312614,0.98
0.02,1e-05,96,2,3,1.0,0.0,1.0,0.0,0.0,0.0,0.8450031078525141,0.9933333333333333
0.05,2e-05,160,0,4,1.0,0.0,1.0,0.0,0.0,0.0,0.7564798685896461,0.9349999999999999
0.05,2e-05,160,1,3,1.0,0.0,1.0,0.0,0.0,0.0,0.8128164236735239,0.9733333333333333
0.05,2e-05,160,2,3,1.0,0.0,1.0,0.0,0.0,0.0,0.8128164236735239,0.9733333333333333
