p_delete,p_add,max_additions,degree_bucket,evaluated_nodes,correct_fraction,abstained_fraction,non_abstain_accuracy,positive_certified_accuracy,certified_fraction_on_correct,mean_reported_radius_on_correct,mean_pA_lower,mean_smoothed_confidence
0.01,5e-06,64,0,4,0.75,0.0,0.75,0.0,0.0,0.0,0.8317470655328536,0.985
0.01,5e-06,64,1,3,1.0,0.0,1.0,0.0,0.0,0.0,0.8589727768376306,1.0
0.01,5e-06,64,2,3,1.0,0.0,1.0,0.0,0.0,0.0,0.8450031078525141,0.9933333333333333
0.02,1e-05,96,0,4,0.75,0.0,0.75,0.0,0.0,0.0,0.8484955250987931,0.995
0.02,1e-05,96,1,3,1.0,0.0,1.0,0.0,0.0,0.0,0.8035000092882756,0.9666666666666667
0.02,1e-05,96,2,3,1.0,0.0,1.0,0.0,0.0,0.0,0.8310334388673973,0.9866666666666667
0.05,2e-05,160,0,4,0.75,0.0,0.75,0.0,0.0,0.0,0.8034010084868757,0.97
0.05,2e-05,160,1,3,1.0,0.0,1.0,0.0,0.0,0.0,0.7777895526258668,0.9466666666666667
0.05,2e-05,160,2,3,1.0,0.0,1.0,0.0,0.0,0.0,0.7946040753064055,0.96
