epoch,loss,train,val,test
1,1.9456292390823364,0.39285714285714285,0.272,0.284
