model_variant,attack_variant,target_node,p_delete,clean_test_accuracy,attacked_test_accuracy,clean_margin,attacked_margin,clean_pA_lower,attacked_pA_lower,clean_pred,attacked_pred,clean_is_correct,attacked_is_correct,true_label
clean-training,clean-training,2488,0.05,0.817,0.816,1.0,1.0,0.9849131592259058,0.9849131592259058,1,0,1,0,1
clean-training,clean-training,2488,0.1,0.817,0.816,1.0,0.976,0.9849131592259058,0.9623852021396418,1,0,1,0,1
clean-training,clean-training,2488,0.2,0.818,0.817,1.0,0.9319999999999999,0.9849131592259058,0.9306981692225529,1,0,1,0,1
clean-training,clean-training,2488,0.3,0.813,0.814,1.0,0.804,0.9849131592259058,0.8510837421849398,1,0,1,0,1
clean-training,clean-training,2488,0.4,0.807,0.81,1.0,0.6599999999999999,0.9849131592259058,0.7688721565242148,1,0,1,0,1
