epoch,loss,train,val,test
1,1.9464974403381348,0.22857142857142856,0.136,0.141
