epoch,loss,train,val,test
1,1.9463422298431396,0.3357142857142857,0.224,0.227
