epoch,loss,train,val,test
1,1.9458613395690918,0.5571428571428572,0.38,0.397
