p_delete,p_add,max_additions,margin_bucket,evaluated_nodes,correct_fraction,abstained_fraction,non_abstain_accuracy,positive_certified_accuracy,certified_fraction_on_correct,mean_reported_radius_on_correct,mean_pA_lower,mean_smoothed_confidence
0.01,5e-06,64,0,4,1.0,0.0,1.0,0.0,0.0,0.0,0.8082619623474679,0.975
0.01,5e-06,64,1,3,1.0,0.0,1.0,0.0,0.0,0.0,0.8589727768376306,1.0
0.01,5e-06,64,2,3,1.0,0.0,1.0,0.0,0.0,0.0,0.8589727768376306,1.0
0.02,1e-05,96,0,4,1.0,0.0,1.0,0.0,0.0,0.0,0.7761752971820988,0.955
0.02,1e-05,96,1,3,1.0,0.0,1.0,0.0,0.0,0.0,0.8589727768376306,1.0
0.02,1e-05,96,2,3,1.0,0.0,1.0,0.0,0.0,0.0,0.8589727768376306,1.0
0.05,2e-05,160,0,4,1.0,0.0,1.0,0.0,0.0,0.0,0.6977225905823234,0.9
0.05,2e-05,160,1,3,1.0,0.0,1.0,0.0,0.0,0.0,0.8589727768376306,1.0
0.05,2e-05,160,2,3,1.0,0.0,1.0,0.0,0.0,0.0,0.8450031078525141,0.9933333333333333
